name,language
flutter-webrtc,Objective-C
flutter-webrtc,Java
flutter-webrtc,Dart
flutter-webrtc,Ruby
flutter-webrtc,Swift
flutter-webrtc,C
flutter-webrtc,HTML
flutter_barcode_reader,Objective-C
flutter_barcode_reader,Kotlin
flutter_barcode_reader,Dart
flutter_barcode_reader,Ruby
flutter_barcode_reader,Swift
flutter-nfc-reader,Kotlin
flutter-nfc-reader,Swift
flutter-nfc-reader,Dart
flutter-nfc-reader,Ruby
flutter-nfc-reader,Shell
flutter-nfc-reader,Objective-C
flutterlocation,Java
flutterlocation,Objective-C
flutterlocation,Dart
flutterlocation,Ruby
admob_flutter,Swift
admob_flutter,Dart
admob_flutter,Kotlin
admob_flutter,Ruby
admob_flutter,Objective-C
11LiveChat,Go
11LiveChat,JavaScript
11LiveChat,HTML
args_helper,Dart
buildroot,C++
buildroot,Python
buildroot,C
buildroot,Shell
buildroot,Java
buildroot,sed
buildroot,Makefile
cloudwebrtc.com,CSS
cloudwebrtc.com,JavaScript
cloudwebrtc.com,HTML
dart-events,Dart
dart-protoo-client,Dart
dart-protoo-client,JavaScript
dart-sdp-transform,Dart
dart-sip-ua,Dart
dart-sip-ua,Shell
dart-sip-ua,Python
example-webrtc-applications,Go
example-webrtc-applications,HTML
example-webrtc-applications,C
example-webrtc-applications,JavaScript
example-webrtc-applications,Shell
example-webrtc-applications,CSS
flutter,Dart
flutter,Objective-C
flutter,Shell
flutter,Java
flutter,Batchfile
flutter,Python
flutter,HTML
flutter,Ruby
flutter,Dockerfile
flutter,CSS
flutter,JavaScript
flutter,PowerShell
flutter,Swift
flutter-desktop-embedding,Dart
flutter-desktop-embedding,C++
flutter-desktop-embedding,Makefile
flutter-desktop-embedding,Objective-C
flutter-desktop-embedding,Swift
flutter-desktop-embedding,Ruby
flutter-desktop-embedding,C
flutter-desktop-embedding,Batchfile
flutter-desktop-embedding,Shell
flutter-desktop-embedding,PowerShell
flutter-engine,C++
flutter-engine,Dart
flutter-engine,Java
flutter-engine,Objective-C++
flutter-engine,Objective-C
flutter-engine,Python
flutter-engine,Roff
flutter-engine,C
flutter-engine,JavaScript
flutter-engine,Shell
flutter-engine,PowerShell
flutter-engine,Ruby
flutter-engine,Dockerfile
flutter-engine,HTML
flutter-engine,CSS
flutter-incall-manager,Java
flutter-incall-manager,Objective-C
flutter-incall-manager,Dart
flutter-incall-manager,Ruby
flutter-webrtc-demo,Dart
flutter-webrtc-demo,Ruby
flutter-webrtc-demo,Objective-C
flutter-webrtc-demo,Java
flutter-webrtc-demo,HTML
flutter-webrtc-server,JavaScript
flutter-webrtc-server,CSS
flutter-webrtc-server,HTML
flutter_touchvg,C++
flutter_touchvg,Java
flutter_touchvg,Objective-C++
flutter_touchvg,Objective-C
flutter_touchvg,C
flutter_touchvg,Dart
flutter_touchvg,Ruby
go-flutter,Go
go-flutter,C
go-protoo,Go
ion,Go
ion,Dart
ion,Shell
ion,JavaScript
ion,Python
ireader-media-server,C
ireader-media-server,C++
ireader-media-server,Makefile
libwebrtc-build,CMake
nICEr,C
nICEr,C++
nICEr,Objective-C
nICEr,Makefile
nICEr,CMake
nrappkit,C
nrappkit,CMake
nrappkit,C++
nrappkit,RPC
peg,Dart
pion-webrtc,Go
pion-webrtc,Shell
pion-webrtc,JavaScript
quic-proxy,Go
quic-proxy,Makefile
react-native-touchvg,C++
react-native-touchvg,Java
react-native-touchvg,Objective-C++
react-native-touchvg,Objective-C
react-native-touchvg,C
react-native-touchvg,JavaScript
react-native-webrtc,Objective-C
react-native-webrtc,Java
react-native-webrtc,JavaScript
react-native-webrtc,Python
react-native-webrtc,Shell
react-native-webrtc,Ruby
react-native-webrtc,C
RNTouchVGDemo,JavaScript
RNTouchVGDemo,Objective-C
RNTouchVGDemo,Python
RNTouchVGDemo,Java
swig,C++
swig,C
swig,Yacc
swig,M4
swig,Makefile
swig,Shell
swig,Python
swig,OCaml
swig,Scheme
swig,HTML
swig,GDB
swig,Perl
swig,Batchfile
swig,Pike
swig,Ruby
utils,C++
utils,Makefile
WebrtcSDK_Net,C++
WebrtcSDK_Net,C
WebrtcSDK_Net,Java
WebrtcSDK_Net,Objective-C++
WebrtcSDK_Net,Objective-C
WebrtcSDK_Net,Python
WebrtcSDK_Net,Shell
WebrtcSDK_Net,JavaScript
WebrtcSDK_Net,MATLAB
WebrtcSDK_Net,Assembly
WebrtcSDK_Net,HTML
WebrtcSDK_Net,C#
WebrtcSDK_Net,Ruby
ZLMediaKit,C++
ZLMediaKit,CMake
ZLMediaKit,C
ZLMediaKit,Shell
ZLToolKit,C
ZLToolKit,C++
ZLToolKit,CMake
ZLToolKit,Objective-C
ZLToolKit,Objective-C++
ZLToolKit,Shell
bug_reproduce,Dart
bug_reproduce,HTML
dartbin,Dart
dartbin,Go
emoji_crypt,Dart
emoji_crypt,Objective-C
emoji_crypt,Java
fast_qr_reader_view,Java
fast_qr_reader_view,Objective-C
fast_qr_reader_view,Dart
fast_qr_reader_view,Ruby
firebase-dart,Dart
firebase-dart,HTML
firebase-dart,Shell
firebase_admob,Objective-C
firebase_admob,Dart
firebase_admob,Java
firebase_admob,Ruby
flutter-webrtc,C++
flutter-webrtc,Objective-C++
flutter-webrtc,MATLAB
flutter_inapp_purchase,Dart
flutter_inapp_purchase,Objective-C
flutter_inapp_purchase,Java
flutter_inapp_purchase,Ruby
flutter_nearby_messages,Swift
flutter_nearby_messages,Dart
flutter_nearby_messages,Kotlin
flutter_nearby_messages,Ruby
flutter_nearby_messages,Objective-C
ginko,Dart
ginko,JavaScript
ginko,Shell
ginko,Java
ginko,Go
ginko,HTML
ginko,Objective-C
Heads-up_Switcher,Kotlin
NoiseView,Kotlin
NoiseView,RenderScript
parse-server-alibaba-oss-adapter,JavaScript
parse-server-gcs-adapter,JavaScript
ParseLiveQuery-iOS-OSX,Swift
ParseLiveQuery-iOS-OSX,Ruby
ParseLiveQuery-iOS-OSX,Shell
plugins,Dart
plugins,Java
plugins,Objective-C
plugins,Ruby
plugins,Shell
plugins,Dockerfile
SVGPath,Swift
SVGPath,Ruby
SVGPath,Objective-C
virtual-pointer,Java
virtual-pointer-server,Java
webrtc_mirror,C++
webrtc_mirror,C
webrtc_mirror,Java
webrtc_mirror,Objective-C++
webrtc_mirror,Python
webrtc_mirror,Objective-C
webrtc_mirror,JavaScript
webrtc_mirror,Shell
webrtc_mirror,MATLAB
webrtc_mirror,Assembly
webrtc_mirror,HTML
webrtc_mirror,CSS
webrtc_mirror,Roff
webrtc_mirror,Batchfile
